,Datetime,Predicted_ft_MSL
0,2025-03-13 02:05:00,2.26
1,2025-03-13 02:10:00,2.26
2,2025-03-13 02:15:00,2.25
3,2025-03-13 02:20:00,2.25
4,2025-03-13 02:25:00,2.24
5,2025-03-13 02:30:00,2.24
6,2025-03-13 02:35:00,2.23
7,2025-03-13 02:40:00,2.22
8,2025-03-13 02:45:00,2.2
9,2025-03-13 02:50:00,2.19
10,2025-03-13 02:55:00,2.18
11,2025-03-13 03:00:00,2.16
12,2025-03-13 03:05:00,2.14
13,2025-03-13 03:10:00,2.12
14,2025-03-13 03:15:00,2.1
15,2025-03-13 03:20:00,2.08
16,2025-03-13 03:25:00,2.05
17,2025-03-13 03:30:00,2.03
18,2025-03-13 03:35:00,2.0
19,2025-03-13 03:40:00,1.97
20,2025-03-13 03:45:00,1.94
21,2025-03-13 03:50:00,1.91
22,2025-03-13 03:55:00,1.88
23,2025-03-13 04:00:00,1.85
24,2025-03-13 04:05:00,1.81
25,2025-03-13 04:10:00,1.78
26,2025-03-13 04:15:00,1.74
27,2025-03-13 04:20:00,1.71
28,2025-03-13 04:25:00,1.67
29,2025-03-13 04:30:00,1.63
30,2025-03-13 04:35:00,1.59
31,2025-03-13 04:40:00,1.55
32,2025-03-13 04:45:00,1.52
33,2025-03-13 04:50:00,1.48
34,2025-03-13 04:55:00,1.43
35,2025-03-13 05:00:00,1.39
36,2025-03-13 05:05:00,1.35
37,2025-03-13 05:10:00,1.31
38,2025-03-13 05:15:00,1.27
39,2025-03-13 05:20:00,1.23
40,2025-03-13 05:25:00,1.19
41,2025-03-13 05:30:00,1.15
42,2025-03-13 05:35:00,1.1
43,2025-03-13 05:40:00,1.06
44,2025-03-13 05:45:00,1.02
45,2025-03-13 05:50:00,0.98
46,2025-03-13 05:55:00,0.94
47,2025-03-13 06:00:00,0.9
48,2025-03-13 06:05:00,0.86
49,2025-03-13 06:10:00,0.83
50,2025-03-13 06:15:00,0.79
51,2025-03-13 06:20:00,0.75
52,2025-03-13 06:25:00,0.71
53,2025-03-13 06:30:00,0.68
54,2025-03-13 06:35:00,0.64
55,2025-03-13 06:40:00,0.61
56,2025-03-13 06:45:00,0.58
57,2025-03-13 06:50:00,0.55
58,2025-03-13 06:55:00,0.52
59,2025-03-13 07:00:00,0.49
60,2025-03-13 07:05:00,0.46
61,2025-03-13 07:10:00,0.43
62,2025-03-13 07:15:00,0.41
63,2025-03-13 07:20:00,0.38
64,2025-03-13 07:25:00,0.36
65,2025-03-13 07:30:00,0.34
66,2025-03-13 07:35:00,0.32
67,2025-03-13 07:40:00,0.3
68,2025-03-13 07:45:00,0.28
69,2025-03-13 07:50:00,0.27
70,2025-03-13 07:55:00,0.25
71,2025-03-13 08:00:00,0.24
72,2025-03-13 08:05:00,0.23
73,2025-03-13 08:10:00,0.22
74,2025-03-13 08:15:00,0.21
75,2025-03-13 08:20:00,0.21
76,2025-03-13 08:25:00,0.2
77,2025-03-13 08:30:00,0.2
78,2025-03-13 08:35:00,0.2
79,2025-03-13 08:40:00,0.2
80,2025-03-13 08:45:00,0.2
81,2025-03-13 08:50:00,0.21
82,2025-03-13 08:55:00,0.21
83,2025-03-13 09:00:00,0.22
84,2025-03-13 09:05:00,0.23
85,2025-03-13 09:10:00,0.24
86,2025-03-13 09:15:00,0.25
87,2025-03-13 09:20:00,0.27
88,2025-03-13 09:25:00,0.28
89,2025-03-13 09:30:00,0.3
90,2025-03-13 09:35:00,0.32
91,2025-03-13 09:40:00,0.34
92,2025-03-13 09:45:00,0.36
93,2025-03-13 09:50:00,0.38
94,2025-03-13 09:55:00,0.4
95,2025-03-13 10:00:00,0.43
96,2025-03-13 10:05:00,0.45
97,2025-03-13 10:10:00,0.48
98,2025-03-13 10:15:00,0.51
99,2025-03-13 10:20:00,0.53
100,2025-03-13 10:25:00,0.56
101,2025-03-13 10:30:00,0.59
102,2025-03-13 10:35:00,0.63
103,2025-03-13 10:40:00,0.66
104,2025-03-13 10:45:00,0.69
105,2025-03-13 10:50:00,0.72
106,2025-03-13 10:55:00,0.76
107,2025-03-13 11:00:00,0.79
108,2025-03-13 11:05:00,0.82
109,2025-03-13 11:10:00,0.86
110,2025-03-13 11:15:00,0.89
111,2025-03-13 11:20:00,0.93
112,2025-03-13 11:25:00,0.96
113,2025-03-13 11:30:00,1.0
114,2025-03-13 11:35:00,1.03
115,2025-03-13 11:40:00,1.07
116,2025-03-13 11:45:00,1.1
117,2025-03-13 11:50:00,1.13
118,2025-03-13 11:55:00,1.17
119,2025-03-13 12:00:00,1.2
120,2025-03-13 12:05:00,1.23
121,2025-03-13 12:10:00,1.26
122,2025-03-13 12:15:00,1.29
123,2025-03-13 12:20:00,1.32
124,2025-03-13 12:25:00,1.35
125,2025-03-13 12:30:00,1.38
126,2025-03-13 12:35:00,1.41
127,2025-03-13 12:40:00,1.43
128,2025-03-13 12:45:00,1.46
129,2025-03-13 12:50:00,1.48
130,2025-03-13 12:55:00,1.5
131,2025-03-13 13:00:00,1.52
132,2025-03-13 13:05:00,1.54
133,2025-03-13 13:10:00,1.56
134,2025-03-13 13:15:00,1.58
135,2025-03-13 13:20:00,1.59
136,2025-03-13 13:25:00,1.6
137,2025-03-13 13:30:00,1.62
138,2025-03-13 13:35:00,1.63
139,2025-03-13 13:40:00,1.64
140,2025-03-13 13:45:00,1.64
141,2025-03-13 13:50:00,1.65
142,2025-03-13 13:55:00,1.65
143,2025-03-13 14:00:00,1.66
144,2025-03-13 14:05:00,1.66
145,2025-03-13 14:10:00,1.66
146,2025-03-13 14:15:00,1.65
147,2025-03-13 14:20:00,1.65
148,2025-03-13 14:25:00,1.65
149,2025-03-13 14:30:00,1.64
150,2025-03-13 14:35:00,1.63
151,2025-03-13 14:40:00,1.62
152,2025-03-13 14:45:00,1.61
153,2025-03-13 14:50:00,1.6
154,2025-03-13 14:55:00,1.58
155,2025-03-13 15:00:00,1.57
156,2025-03-13 15:05:00,1.55
157,2025-03-13 15:10:00,1.54
158,2025-03-13 15:15:00,1.52
159,2025-03-13 15:20:00,1.5
160,2025-03-13 15:25:00,1.48
161,2025-03-13 15:30:00,1.45
162,2025-03-13 15:35:00,1.43
163,2025-03-13 15:40:00,1.4
164,2025-03-13 15:45:00,1.38
165,2025-03-13 15:50:00,1.35
166,2025-03-13 15:55:00,1.32
167,2025-03-13 16:00:00,1.3
168,2025-03-13 16:05:00,1.27
169,2025-03-13 16:10:00,1.24
170,2025-03-13 16:15:00,1.21
171,2025-03-13 16:20:00,1.17
172,2025-03-13 16:25:00,1.14
173,2025-03-13 16:30:00,1.11
174,2025-03-13 16:35:00,1.08
175,2025-03-13 16:40:00,1.04
176,2025-03-13 16:45:00,1.01
177,2025-03-13 16:50:00,0.98
178,2025-03-13 16:55:00,0.94
179,2025-03-13 17:00:00,0.91
180,2025-03-13 17:05:00,0.87
181,2025-03-13 17:10:00,0.84
182,2025-03-13 17:15:00,0.8
183,2025-03-13 17:20:00,0.77
184,2025-03-13 17:25:00,0.73
185,2025-03-13 17:30:00,0.7
186,2025-03-13 17:35:00,0.66
187,2025-03-13 17:40:00,0.63
188,2025-03-13 17:45:00,0.6
189,2025-03-13 17:50:00,0.56
190,2025-03-13 17:55:00,0.53
191,2025-03-13 18:00:00,0.5
192,2025-03-13 18:05:00,0.47
193,2025-03-13 18:10:00,0.44
194,2025-03-13 18:15:00,0.41
195,2025-03-13 18:20:00,0.38
196,2025-03-13 18:25:00,0.35
197,2025-03-13 18:30:00,0.32
198,2025-03-13 18:35:00,0.29
199,2025-03-13 18:40:00,0.27
200,2025-03-13 18:45:00,0.24
201,2025-03-13 18:50:00,0.22
202,2025-03-13 18:55:00,0.2
203,2025-03-13 19:00:00,0.18
204,2025-03-13 19:05:00,0.16
205,2025-03-13 19:10:00,0.14
206,2025-03-13 19:15:00,0.12
207,2025-03-13 19:20:00,0.1
208,2025-03-13 19:25:00,0.09
209,2025-03-13 19:30:00,0.08
210,2025-03-13 19:35:00,0.06
211,2025-03-13 19:40:00,0.05
212,2025-03-13 19:45:00,0.04
213,2025-03-13 19:50:00,0.03
214,2025-03-13 19:55:00,0.03
215,2025-03-13 20:00:00,0.02
216,2025-03-13 20:05:00,0.02
217,2025-03-13 20:10:00,0.02
218,2025-03-13 20:15:00,0.02
219,2025-03-13 20:20:00,0.02
220,2025-03-13 20:25:00,0.02
221,2025-03-13 20:30:00,0.03
222,2025-03-13 20:35:00,0.03
223,2025-03-13 20:40:00,0.04
224,2025-03-13 20:45:00,0.05
225,2025-03-13 20:50:00,0.06
226,2025-03-13 20:55:00,0.08
227,2025-03-13 21:00:00,0.1
228,2025-03-13 21:05:00,0.11
229,2025-03-13 21:10:00,0.13
230,2025-03-13 21:15:00,0.16
231,2025-03-13 21:20:00,0.18
232,2025-03-13 21:25:00,0.2
233,2025-03-13 21:30:00,0.23
234,2025-03-13 21:35:00,0.26
235,2025-03-13 21:40:00,0.29
236,2025-03-13 21:45:00,0.32
237,2025-03-13 21:50:00,0.35
238,2025-03-13 21:55:00,0.39
239,2025-03-13 22:00:00,0.42
240,2025-03-13 22:05:00,0.46
241,2025-03-13 22:10:00,0.5
242,2025-03-13 22:15:00,0.53
243,2025-03-13 22:20:00,0.57
244,2025-03-13 22:25:00,0.62
245,2025-03-13 22:30:00,0.66
246,2025-03-13 22:35:00,0.7
247,2025-03-13 22:40:00,0.74
248,2025-03-13 22:45:00,0.79
249,2025-03-13 22:50:00,0.83
250,2025-03-13 22:55:00,0.88
251,2025-03-13 23:00:00,0.92
252,2025-03-13 23:05:00,0.97
253,2025-03-13 23:10:00,1.01
254,2025-03-13 23:15:00,1.06
255,2025-03-13 23:20:00,1.1
256,2025-03-13 23:25:00,1.15
257,2025-03-13 23:30:00,1.19
258,2025-03-13 23:35:00,1.24
259,2025-03-13 23:40:00,1.28
260,2025-03-13 23:45:00,1.33
261,2025-03-13 23:50:00,1.37
262,2025-03-13 23:55:00,1.42
263,2025-03-14 00:00:00,1.46
264,2025-03-14 00:05:00,1.5
265,2025-03-14 00:10:00,1.54
266,2025-03-14 00:15:00,1.58
267,2025-03-14 00:20:00,1.62
268,2025-03-14 00:25:00,1.66
269,2025-03-14 00:30:00,1.7
270,2025-03-14 00:35:00,1.74
271,2025-03-14 00:40:00,1.77
272,2025-03-14 00:45:00,1.81
273,2025-03-14 00:50:00,1.84
274,2025-03-14 00:55:00,1.87
275,2025-03-14 01:00:00,1.9
276,2025-03-14 01:05:00,1.93
277,2025-03-14 01:10:00,1.96
278,2025-03-14 01:15:00,1.98
279,2025-03-14 01:20:00,2.0
280,2025-03-14 01:25:00,2.03
281,2025-03-14 01:30:00,2.05
282,2025-03-14 01:35:00,2.06
283,2025-03-14 01:40:00,2.08
284,2025-03-14 01:45:00,2.09
285,2025-03-14 01:50:00,2.11
286,2025-03-14 01:55:00,2.12
287,2025-03-14 02:00:00,2.13
288,2025-03-14 02:05:00,2.13
289,2025-03-14 02:10:00,2.14
290,2025-03-14 02:15:00,2.14
291,2025-03-14 02:20:00,2.14
292,2025-03-14 02:25:00,2.14
293,2025-03-14 02:30:00,2.14
294,2025-03-14 02:35:00,2.14
295,2025-03-14 02:40:00,2.13
296,2025-03-14 02:45:00,2.12
297,2025-03-14 02:50:00,2.11
298,2025-03-14 02:55:00,2.1
299,2025-03-14 03:00:00,2.09
300,2025-03-14 03:05:00,2.08
301,2025-03-14 03:10:00,2.06
302,2025-03-14 03:15:00,2.04
303,2025-03-14 03:20:00,2.02
304,2025-03-14 03:25:00,2.0
305,2025-03-14 03:30:00,1.98
306,2025-03-14 03:35:00,1.96
307,2025-03-14 03:40:00,1.94
308,2025-03-14 03:45:00,1.91
309,2025-03-14 03:50:00,1.88
310,2025-03-14 03:55:00,1.85
311,2025-03-14 04:00:00,1.82
312,2025-03-14 04:05:00,1.79
313,2025-03-14 04:10:00,1.76
314,2025-03-14 04:15:00,1.73
315,2025-03-14 04:20:00,1.7
316,2025-03-14 04:25:00,1.66
317,2025-03-14 04:30:00,1.63
318,2025-03-14 04:35:00,1.59
319,2025-03-14 04:40:00,1.55
320,2025-03-14 04:45:00,1.51
321,2025-03-14 04:50:00,1.47
322,2025-03-14 04:55:00,1.44
323,2025-03-14 05:00:00,1.4
324,2025-03-14 05:05:00,1.36
325,2025-03-14 05:10:00,1.31
326,2025-03-14 05:15:00,1.27
327,2025-03-14 05:20:00,1.23
328,2025-03-14 05:25:00,1.19
329,2025-03-14 05:30:00,1.15
330,2025-03-14 05:35:00,1.11
331,2025-03-14 05:40:00,1.07
332,2025-03-14 05:45:00,1.02
333,2025-03-14 05:50:00,0.98
334,2025-03-14 05:55:00,0.94
335,2025-03-14 06:00:00,0.9
336,2025-03-14 06:05:00,0.86
337,2025-03-14 06:10:00,0.82
338,2025-03-14 06:15:00,0.78
339,2025-03-14 06:20:00,0.74
340,2025-03-14 06:25:00,0.7
341,2025-03-14 06:30:00,0.66
342,2025-03-14 06:35:00,0.63
343,2025-03-14 06:40:00,0.59
344,2025-03-14 06:45:00,0.55
345,2025-03-14 06:50:00,0.52
346,2025-03-14 06:55:00,0.49
347,2025-03-14 07:00:00,0.45
348,2025-03-14 07:05:00,0.42
349,2025-03-14 07:10:00,0.39
350,2025-03-14 07:15:00,0.36
351,2025-03-14 07:20:00,0.33
352,2025-03-14 07:25:00,0.31
353,2025-03-14 07:30:00,0.28
354,2025-03-14 07:35:00,0.26
355,2025-03-14 07:40:00,0.23
356,2025-03-14 07:45:00,0.21
357,2025-03-14 07:50:00,0.19
358,2025-03-14 07:55:00,0.17
359,2025-03-14 08:00:00,0.16
360,2025-03-14 08:05:00,0.14
361,2025-03-14 08:10:00,0.13
362,2025-03-14 08:15:00,0.11
363,2025-03-14 08:20:00,0.1
364,2025-03-14 08:25:00,0.09
365,2025-03-14 08:30:00,0.09
366,2025-03-14 08:35:00,0.08
367,2025-03-14 08:40:00,0.08
368,2025-03-14 08:45:00,0.07
369,2025-03-14 08:50:00,0.07
370,2025-03-14 08:55:00,0.07
371,2025-03-14 09:00:00,0.08
372,2025-03-14 09:05:00,0.08
373,2025-03-14 09:10:00,0.09
374,2025-03-14 09:15:00,0.09
375,2025-03-14 09:20:00,0.1
376,2025-03-14 09:25:00,0.11
377,2025-03-14 09:30:00,0.13
378,2025-03-14 09:35:00,0.14
379,2025-03-14 09:40:00,0.16
380,2025-03-14 09:45:00,0.17
381,2025-03-14 09:50:00,0.19
382,2025-03-14 09:55:00,0.21
383,2025-03-14 10:00:00,0.24
384,2025-03-14 10:05:00,0.26
385,2025-03-14 10:10:00,0.28
386,2025-03-14 10:15:00,0.31
387,2025-03-14 10:20:00,0.34
388,2025-03-14 10:25:00,0.37
389,2025-03-14 10:30:00,0.4
390,2025-03-14 10:35:00,0.43
391,2025-03-14 10:40:00,0.46
392,2025-03-14 10:45:00,0.49
393,2025-03-14 10:50:00,0.52
394,2025-03-14 10:55:00,0.56
395,2025-03-14 11:00:00,0.59
396,2025-03-14 11:05:00,0.63
397,2025-03-14 11:10:00,0.67
398,2025-03-14 11:15:00,0.7
399,2025-03-14 11:20:00,0.74
400,2025-03-14 11:25:00,0.78
401,2025-03-14 11:30:00,0.82
402,2025-03-14 11:35:00,0.85
403,2025-03-14 11:40:00,0.89
404,2025-03-14 11:45:00,0.93
405,2025-03-14 11:50:00,0.97
406,2025-03-14 11:55:00,1.01
407,2025-03-14 12:00:00,1.05
408,2025-03-14 12:05:00,1.08
409,2025-03-14 12:10:00,1.12
410,2025-03-14 12:15:00,1.16
411,2025-03-14 12:20:00,1.2
412,2025-03-14 12:25:00,1.23
413,2025-03-14 12:30:00,1.27
414,2025-03-14 12:35:00,1.3
415,2025-03-14 12:40:00,1.34
416,2025-03-14 12:45:00,1.37
417,2025-03-14 12:50:00,1.4
418,2025-03-14 12:55:00,1.44
419,2025-03-14 13:00:00,1.47
420,2025-03-14 13:05:00,1.5
421,2025-03-14 13:10:00,1.53
422,2025-03-14 13:15:00,1.55
423,2025-03-14 13:20:00,1.58
424,2025-03-14 13:25:00,1.6
425,2025-03-14 13:30:00,1.63
426,2025-03-14 13:35:00,1.65
427,2025-03-14 13:40:00,1.67
428,2025-03-14 13:45:00,1.69
429,2025-03-14 13:50:00,1.71
430,2025-03-14 13:55:00,1.72
431,2025-03-14 14:00:00,1.74
432,2025-03-14 14:05:00,1.75
433,2025-03-14 14:10:00,1.76
434,2025-03-14 14:15:00,1.77
435,2025-03-14 14:20:00,1.78
436,2025-03-14 14:25:00,1.78
437,2025-03-14 14:30:00,1.79
438,2025-03-14 14:35:00,1.79
439,2025-03-14 14:40:00,1.79
440,2025-03-14 14:45:00,1.79
441,2025-03-14 14:50:00,1.79
442,2025-03-14 14:55:00,1.78
443,2025-03-14 15:00:00,1.78
444,2025-03-14 15:05:00,1.77
445,2025-03-14 15:10:00,1.76
446,2025-03-14 15:15:00,1.75
447,2025-03-14 15:20:00,1.74
448,2025-03-14 15:25:00,1.73
449,2025-03-14 15:30:00,1.72
450,2025-03-14 15:35:00,1.7
451,2025-03-14 15:40:00,1.69
452,2025-03-14 15:45:00,1.67
453,2025-03-14 15:50:00,1.65
454,2025-03-14 15:55:00,1.63
455,2025-03-14 16:00:00,1.61
456,2025-03-14 16:05:00,1.59
457,2025-03-14 16:10:00,1.56
458,2025-03-14 16:15:00,1.54
459,2025-03-14 16:20:00,1.51
460,2025-03-14 16:25:00,1.48
461,2025-03-14 16:30:00,1.46
462,2025-03-14 16:35:00,1.43
463,2025-03-14 16:40:00,1.4
464,2025-03-14 16:45:00,1.37
465,2025-03-14 16:50:00,1.34
466,2025-03-14 16:55:00,1.31
467,2025-03-14 17:00:00,1.28
468,2025-03-14 17:05:00,1.24
469,2025-03-14 17:10:00,1.21
470,2025-03-14 17:15:00,1.18
471,2025-03-14 17:20:00,1.14
472,2025-03-14 17:25:00,1.11
473,2025-03-14 17:30:00,1.07
474,2025-03-14 17:35:00,1.04
475,2025-03-14 17:40:00,1.01
476,2025-03-14 17:45:00,0.97
477,2025-03-14 17:50:00,0.94
478,2025-03-14 17:55:00,0.9
479,2025-03-14 18:00:00,0.87
480,2025-03-14 18:05:00,0.83
481,2025-03-14 18:10:00,0.8
482,2025-03-14 18:15:00,0.77
483,2025-03-14 18:20:00,0.73
484,2025-03-14 18:25:00,0.7
485,2025-03-14 18:30:00,0.67
486,2025-03-14 18:35:00,0.64
487,2025-03-14 18:40:00,0.61
488,2025-03-14 18:45:00,0.58
489,2025-03-14 18:50:00,0.55
490,2025-03-14 18:55:00,0.52
491,2025-03-14 19:00:00,0.49
492,2025-03-14 19:05:00,0.47
493,2025-03-14 19:10:00,0.44
494,2025-03-14 19:15:00,0.42
495,2025-03-14 19:20:00,0.39
496,2025-03-14 19:25:00,0.37
497,2025-03-14 19:30:00,0.35
498,2025-03-14 19:35:00,0.33
499,2025-03-14 19:40:00,0.31
500,2025-03-14 19:45:00,0.29
501,2025-03-14 19:50:00,0.28
502,2025-03-14 19:55:00,0.26
503,2025-03-14 20:00:00,0.25
504,2025-03-14 20:05:00,0.23
505,2025-03-14 20:10:00,0.22
506,2025-03-14 20:15:00,0.21
507,2025-03-14 20:20:00,0.21
508,2025-03-14 20:25:00,0.2
509,2025-03-14 20:30:00,0.19
510,2025-03-14 20:35:00,0.19
511,2025-03-14 20:40:00,0.19
512,2025-03-14 20:45:00,0.19
513,2025-03-14 20:50:00,0.19
514,2025-03-14 20:55:00,0.19
515,2025-03-14 21:00:00,0.2
516,2025-03-14 21:05:00,0.2
517,2025-03-14 21:10:00,0.21
518,2025-03-14 21:15:00,0.22
519,2025-03-14 21:20:00,0.23
520,2025-03-14 21:25:00,0.24
521,2025-03-14 21:30:00,0.26
522,2025-03-14 21:35:00,0.28
523,2025-03-14 21:40:00,0.3
524,2025-03-14 21:45:00,0.32
525,2025-03-14 21:50:00,0.34
526,2025-03-14 21:55:00,0.36
527,2025-03-14 22:00:00,0.38
528,2025-03-14 22:05:00,0.41
529,2025-03-14 22:10:00,0.44
530,2025-03-14 22:15:00,0.47
531,2025-03-14 22:20:00,0.5
532,2025-03-14 22:25:00,0.53
533,2025-03-14 22:30:00,0.56
534,2025-03-14 22:35:00,0.59
535,2025-03-14 22:40:00,0.63
536,2025-03-14 22:45:00,0.66
537,2025-03-14 22:50:00,0.7
538,2025-03-14 22:55:00,0.74
539,2025-03-14 23:00:00,0.78
540,2025-03-14 23:05:00,0.81
541,2025-03-14 23:10:00,0.85
542,2025-03-14 23:15:00,0.89
543,2025-03-14 23:20:00,0.93
544,2025-03-14 23:25:00,0.97
545,2025-03-14 23:30:00,1.01
546,2025-03-14 23:35:00,1.05
547,2025-03-14 23:40:00,1.09
548,2025-03-14 23:45:00,1.14
549,2025-03-14 23:50:00,1.18
550,2025-03-14 23:55:00,1.22
551,2025-03-15 00:00:00,1.26
552,2025-03-15 00:05:00,1.3
553,2025-03-15 00:10:00,1.34
554,2025-03-15 00:15:00,1.37
555,2025-03-15 00:20:00,1.41
556,2025-03-15 00:25:00,1.45
557,2025-03-15 00:30:00,1.49
558,2025-03-15 00:35:00,1.52
559,2025-03-15 00:40:00,1.56
560,2025-03-15 00:45:00,1.59
561,2025-03-15 00:50:00,1.63
562,2025-03-15 00:55:00,1.66
563,2025-03-15 01:00:00,1.69
564,2025-03-15 01:05:00,1.72
565,2025-03-15 01:10:00,1.75
566,2025-03-15 01:15:00,1.78
567,2025-03-15 01:20:00,1.8
568,2025-03-15 01:25:00,1.83
569,2025-03-15 01:30:00,1.85
570,2025-03-15 01:35:00,1.87
571,2025-03-15 01:40:00,1.89
572,2025-03-15 01:45:00,1.91
573,2025-03-15 01:50:00,1.93
574,2025-03-15 01:55:00,1.94
575,2025-03-15 02:00:00,1.96
576,2025-03-15 02:05:00,1.97
577,2025-03-15 02:10:00,1.98
578,2025-03-15 02:15:00,1.99
579,2025-03-15 02:20:00,1.99
580,2025-03-15 02:25:00,2.0
581,2025-03-15 02:30:00,2.0
582,2025-03-15 02:35:00,2.0
583,2025-03-15 02:40:00,2.0
584,2025-03-15 02:45:00,2.0
585,2025-03-15 02:50:00,1.99
586,2025-03-15 02:55:00,1.99
587,2025-03-15 03:00:00,1.98
588,2025-03-15 03:05:00,1.97
589,2025-03-15 03:10:00,1.96
590,2025-03-15 03:15:00,1.95
591,2025-03-15 03:20:00,1.94
592,2025-03-15 03:25:00,1.92
593,2025-03-15 03:30:00,1.91
594,2025-03-15 03:35:00,1.89
595,2025-03-15 03:40:00,1.87
596,2025-03-15 03:45:00,1.85
597,2025-03-15 03:50:00,1.83
598,2025-03-15 03:55:00,1.8
599,2025-03-15 04:00:00,1.78
600,2025-03-15 04:05:00,1.75
601,2025-03-15 04:10:00,1.72
602,2025-03-15 04:15:00,1.7
603,2025-03-15 04:20:00,1.67
604,2025-03-15 04:25:00,1.64
605,2025-03-15 04:30:00,1.6
606,2025-03-15 04:35:00,1.57
607,2025-03-15 04:40:00,1.54
608,2025-03-15 04:45:00,1.5
609,2025-03-15 04:50:00,1.47
610,2025-03-15 04:55:00,1.43
611,2025-03-15 05:00:00,1.4
612,2025-03-15 05:05:00,1.36
613,2025-03-15 05:10:00,1.32
614,2025-03-15 05:15:00,1.28
615,2025-03-15 05:20:00,1.24
616,2025-03-15 05:25:00,1.2
617,2025-03-15 05:30:00,1.16
618,2025-03-15 05:35:00,1.12
619,2025-03-15 05:40:00,1.08
620,2025-03-15 05:45:00,1.04
621,2025-03-15 05:50:00,1.0
622,2025-03-15 05:55:00,0.96
623,2025-03-15 06:00:00,0.92
624,2025-03-15 06:05:00,0.88
625,2025-03-15 06:10:00,0.84
626,2025-03-15 06:15:00,0.8
627,2025-03-15 06:20:00,0.76
628,2025-03-15 06:25:00,0.72
629,2025-03-15 06:30:00,0.68
630,2025-03-15 06:35:00,0.65
631,2025-03-15 06:40:00,0.61
632,2025-03-15 06:45:00,0.57
633,2025-03-15 06:50:00,0.53
634,2025-03-15 06:55:00,0.5
635,2025-03-15 07:00:00,0.46
636,2025-03-15 07:05:00,0.43
637,2025-03-15 07:10:00,0.39
638,2025-03-15 07:15:00,0.36
639,2025-03-15 07:20:00,0.33
640,2025-03-15 07:25:00,0.3
641,2025-03-15 07:30:00,0.27
642,2025-03-15 07:35:00,0.24
643,2025-03-15 07:40:00,0.21
644,2025-03-15 07:45:00,0.19
645,2025-03-15 07:50:00,0.16
646,2025-03-15 07:55:00,0.14
647,2025-03-15 08:00:00,0.12
648,2025-03-15 08:05:00,0.1
649,2025-03-15 08:10:00,0.08
650,2025-03-15 08:15:00,0.06
651,2025-03-15 08:20:00,0.04
652,2025-03-15 08:25:00,0.03
653,2025-03-15 08:30:00,0.02
654,2025-03-15 08:35:00,0.0
655,2025-03-15 08:40:00,-0.01
656,2025-03-15 08:45:00,-0.02
657,2025-03-15 08:50:00,-0.02
658,2025-03-15 08:55:00,-0.03
659,2025-03-15 09:00:00,-0.03
660,2025-03-15 09:05:00,-0.04
661,2025-03-15 09:10:00,-0.04
662,2025-03-15 09:15:00,-0.04
663,2025-03-15 09:20:00,-0.03
664,2025-03-15 09:25:00,-0.03
665,2025-03-15 09:30:00,-0.02
666,2025-03-15 09:35:00,-0.01
667,2025-03-15 09:40:00,-0.0
668,2025-03-15 09:45:00,0.01
669,2025-03-15 09:50:00,0.02
670,2025-03-15 09:55:00,0.03
671,2025-03-15 10:00:00,0.05
672,2025-03-15 10:05:00,0.07
673,2025-03-15 10:10:00,0.09
674,2025-03-15 10:15:00,0.11
675,2025-03-15 10:20:00,0.13
676,2025-03-15 10:25:00,0.16
677,2025-03-15 10:30:00,0.18
678,2025-03-15 10:35:00,0.21
679,2025-03-15 10:40:00,0.24
680,2025-03-15 10:45:00,0.27
681,2025-03-15 10:50:00,0.3
682,2025-03-15 10:55:00,0.33
683,2025-03-15 11:00:00,0.36
684,2025-03-15 11:05:00,0.4
685,2025-03-15 11:10:00,0.43
686,2025-03-15 11:15:00,0.47
687,2025-03-15 11:20:00,0.5
688,2025-03-15 11:25:00,0.54
689,2025-03-15 11:30:00,0.58
690,2025-03-15 11:35:00,0.62
691,2025-03-15 11:40:00,0.66
692,2025-03-15 11:45:00,0.7
693,2025-03-15 11:50:00,0.74
694,2025-03-15 11:55:00,0.78
695,2025-03-15 12:00:00,0.82
696,2025-03-15 12:05:00,0.86
697,2025-03-15 12:10:00,0.9
698,2025-03-15 12:15:00,0.94
699,2025-03-15 12:20:00,0.98
700,2025-03-15 12:25:00,1.02
701,2025-03-15 12:30:00,1.07
702,2025-03-15 12:35:00,1.11
703,2025-03-15 12:40:00,1.15
704,2025-03-15 12:45:00,1.19
705,2025-03-15 12:50:00,1.23
706,2025-03-15 12:55:00,1.26
707,2025-03-15 13:00:00,1.3
708,2025-03-15 13:05:00,1.34
709,2025-03-15 13:10:00,1.38
710,2025-03-15 13:15:00,1.41
711,2025-03-15 13:20:00,1.45
712,2025-03-15 13:25:00,1.48
713,2025-03-15 13:30:00,1.51
714,2025-03-15 13:35:00,1.55
715,2025-03-15 13:40:00,1.58
716,2025-03-15 13:45:00,1.61
717,2025-03-15 13:50:00,1.63
718,2025-03-15 13:55:00,1.66
719,2025-03-15 14:00:00,1.69
720,2025-03-15 14:05:00,1.71
721,2025-03-15 14:10:00,1.73
722,2025-03-15 14:15:00,1.75
723,2025-03-15 14:20:00,1.77
724,2025-03-15 14:25:00,1.79
725,2025-03-15 14:30:00,1.81
726,2025-03-15 14:35:00,1.82
727,2025-03-15 14:40:00,1.84
728,2025-03-15 14:45:00,1.85
729,2025-03-15 14:50:00,1.86
730,2025-03-15 14:55:00,1.87
731,2025-03-15 15:00:00,1.87
732,2025-03-15 15:05:00,1.88
733,2025-03-15 15:10:00,1.88
734,2025-03-15 15:15:00,1.88
735,2025-03-15 15:20:00,1.88
736,2025-03-15 15:25:00,1.88
737,2025-03-15 15:30:00,1.87
738,2025-03-15 15:35:00,1.87
739,2025-03-15 15:40:00,1.86
740,2025-03-15 15:45:00,1.85
741,2025-03-15 15:50:00,1.85
742,2025-03-15 15:55:00,1.84
743,2025-03-15 16:00:00,1.82
744,2025-03-15 16:05:00,1.81
745,2025-03-15 16:10:00,1.8
746,2025-03-15 16:15:00,1.78
747,2025-03-15 16:20:00,1.76
748,2025-03-15 16:25:00,1.75
749,2025-03-15 16:30:00,1.73
750,2025-03-15 16:35:00,1.71
751,2025-03-15 16:40:00,1.69
752,2025-03-15 16:45:00,1.66
753,2025-03-15 16:50:00,1.64
754,2025-03-15 16:55:00,1.62
755,2025-03-15 17:00:00,1.59
756,2025-03-15 17:05:00,1.57
757,2025-03-15 17:10:00,1.54
758,2025-03-15 17:15:00,1.51
759,2025-03-15 17:20:00,1.48
760,2025-03-15 17:25:00,1.46
761,2025-03-15 17:30:00,1.43
762,2025-03-15 17:35:00,1.4
763,2025-03-15 17:40:00,1.37
764,2025-03-15 17:45:00,1.33
765,2025-03-15 17:50:00,1.3
766,2025-03-15 17:55:00,1.27
767,2025-03-15 18:00:00,1.24
768,2025-03-15 18:05:00,1.21
769,2025-03-15 18:10:00,1.18
770,2025-03-15 18:15:00,1.14
771,2025-03-15 18:20:00,1.11
772,2025-03-15 18:25:00,1.08
773,2025-03-15 18:30:00,1.05
774,2025-03-15 18:35:00,1.01
775,2025-03-15 18:40:00,0.98
776,2025-03-15 18:45:00,0.95
777,2025-03-15 18:50:00,0.92
778,2025-03-15 18:55:00,0.89
779,2025-03-15 19:00:00,0.86
780,2025-03-15 19:05:00,0.83
781,2025-03-15 19:10:00,0.8
782,2025-03-15 19:15:00,0.77
783,2025-03-15 19:20:00,0.74
784,2025-03-15 19:25:00,0.71
785,2025-03-15 19:30:00,0.69
786,2025-03-15 19:35:00,0.66
787,2025-03-15 19:40:00,0.64
788,2025-03-15 19:45:00,0.61
789,2025-03-15 19:50:00,0.59
790,2025-03-15 19:55:00,0.57
791,2025-03-15 20:00:00,0.55
792,2025-03-15 20:05:00,0.53
793,2025-03-15 20:10:00,0.51
794,2025-03-15 20:15:00,0.49
795,2025-03-15 20:20:00,0.47
796,2025-03-15 20:25:00,0.46
797,2025-03-15 20:30:00,0.44
798,2025-03-15 20:35:00,0.43
799,2025-03-15 20:40:00,0.42
800,2025-03-15 20:45:00,0.41
801,2025-03-15 20:50:00,0.4
802,2025-03-15 20:55:00,0.39
803,2025-03-15 21:00:00,0.39
804,2025-03-15 21:05:00,0.38
805,2025-03-15 21:10:00,0.38
806,2025-03-15 21:15:00,0.37
807,2025-03-15 21:20:00,0.37
808,2025-03-15 21:25:00,0.37
809,2025-03-15 21:30:00,0.38
810,2025-03-15 21:35:00,0.38
811,2025-03-15 21:40:00,0.39
812,2025-03-15 21:45:00,0.4
813,2025-03-15 21:50:00,0.4
814,2025-03-15 21:55:00,0.42
815,2025-03-15 22:00:00,0.43
816,2025-03-15 22:05:00,0.44
817,2025-03-15 22:10:00,0.46
818,2025-03-15 22:15:00,0.48
819,2025-03-15 22:20:00,0.49
820,2025-03-15 22:25:00,0.51
821,2025-03-15 22:30:00,0.54
822,2025-03-15 22:35:00,0.56
823,2025-03-15 22:40:00,0.58
824,2025-03-15 22:45:00,0.61
825,2025-03-15 22:50:00,0.64
826,2025-03-15 22:55:00,0.66
827,2025-03-15 23:00:00,0.69
828,2025-03-15 23:05:00,0.72
829,2025-03-15 23:10:00,0.75
830,2025-03-15 23:15:00,0.78
831,2025-03-15 23:20:00,0.82
832,2025-03-15 23:25:00,0.85
833,2025-03-15 23:30:00,0.88
834,2025-03-15 23:35:00,0.92
835,2025-03-15 23:40:00,0.95
836,2025-03-15 23:45:00,0.99
837,2025-03-15 23:50:00,1.02
838,2025-03-15 23:55:00,1.06
839,2025-03-16 00:00:00,1.09
840,2025-03-16 00:05:00,1.13
841,2025-03-16 00:10:00,1.16
842,2025-03-16 00:15:00,1.2
843,2025-03-16 00:20:00,1.23
844,2025-03-16 00:25:00,1.27
845,2025-03-16 00:30:00,1.3
846,2025-03-16 00:35:00,1.34
847,2025-03-16 00:40:00,1.37
848,2025-03-16 00:45:00,1.4
849,2025-03-16 00:50:00,1.44
850,2025-03-16 00:55:00,1.47
851,2025-03-16 01:00:00,1.5
852,2025-03-16 01:05:00,1.53
853,2025-03-16 01:10:00,1.56
854,2025-03-16 01:15:00,1.58
855,2025-03-16 01:20:00,1.61
856,2025-03-16 01:25:00,1.64
857,2025-03-16 01:30:00,1.66
858,2025-03-16 01:35:00,1.68
859,2025-03-16 01:40:00,1.71
860,2025-03-16 01:45:00,1.73
861,2025-03-16 01:50:00,1.74
862,2025-03-16 01:55:00,1.76
863,2025-03-16 02:00:00,1.78
864,2025-03-16 02:05:00,1.79
865,2025-03-16 02:10:00,1.8
866,2025-03-16 02:15:00,1.82
867,2025-03-16 02:20:00,1.82
868,2025-03-16 02:25:00,1.83
869,2025-03-16 02:30:00,1.84
870,2025-03-16 02:35:00,1.84
871,2025-03-16 02:40:00,1.85
872,2025-03-16 02:45:00,1.85
873,2025-03-16 02:50:00,1.85
874,2025-03-16 02:55:00,1.84
875,2025-03-16 03:00:00,1.84
876,2025-03-16 03:05:00,1.83
877,2025-03-16 03:10:00,1.83
878,2025-03-16 03:15:00,1.82
879,2025-03-16 03:20:00,1.81
880,2025-03-16 03:25:00,1.8
881,2025-03-16 03:30:00,1.79
882,2025-03-16 03:35:00,1.77
883,2025-03-16 03:40:00,1.76
884,2025-03-16 03:45:00,1.74
885,2025-03-16 03:50:00,1.72
886,2025-03-16 03:55:00,1.71
887,2025-03-16 04:00:00,1.69
888,2025-03-16 04:05:00,1.66
889,2025-03-16 04:10:00,1.64
890,2025-03-16 04:15:00,1.62
891,2025-03-16 04:20:00,1.59
892,2025-03-16 04:25:00,1.57
893,2025-03-16 04:30:00,1.54
894,2025-03-16 04:35:00,1.51
895,2025-03-16 04:40:00,1.48
896,2025-03-16 04:45:00,1.45
897,2025-03-16 04:50:00,1.42
898,2025-03-16 04:55:00,1.39
899,2025-03-16 05:00:00,1.36
900,2025-03-16 05:05:00,1.32
901,2025-03-16 05:10:00,1.29
902,2025-03-16 05:15:00,1.26
903,2025-03-16 05:20:00,1.22
904,2025-03-16 05:25:00,1.18
905,2025-03-16 05:30:00,1.15
906,2025-03-16 05:35:00,1.11
907,2025-03-16 05:40:00,1.07
908,2025-03-16 05:45:00,1.04
909,2025-03-16 05:50:00,1.0
910,2025-03-16 05:55:00,0.96
911,2025-03-16 06:00:00,0.92
912,2025-03-16 06:05:00,0.89
913,2025-03-16 06:10:00,0.85
914,2025-03-16 06:15:00,0.81
915,2025-03-16 06:20:00,0.77
916,2025-03-16 06:25:00,0.73
917,2025-03-16 06:30:00,0.7
918,2025-03-16 06:35:00,0.66
919,2025-03-16 06:40:00,0.62
920,2025-03-16 06:45:00,0.59
921,2025-03-16 06:50:00,0.55
922,2025-03-16 06:55:00,0.51
923,2025-03-16 07:00:00,0.48
924,2025-03-16 07:05:00,0.45
925,2025-03-16 07:10:00,0.41
926,2025-03-16 07:15:00,0.38
927,2025-03-16 07:20:00,0.35
928,2025-03-16 07:25:00,0.31
929,2025-03-16 07:30:00,0.28
930,2025-03-16 07:35:00,0.25
931,2025-03-16 07:40:00,0.22
932,2025-03-16 07:45:00,0.2
933,2025-03-16 07:50:00,0.17
934,2025-03-16 07:55:00,0.14
935,2025-03-16 08:00:00,0.12
936,2025-03-16 08:05:00,0.09
937,2025-03-16 08:10:00,0.07
938,2025-03-16 08:15:00,0.05
939,2025-03-16 08:20:00,0.03
940,2025-03-16 08:25:00,0.01
941,2025-03-16 08:30:00,-0.01
942,2025-03-16 08:35:00,-0.02
943,2025-03-16 08:40:00,-0.04
944,2025-03-16 08:45:00,-0.05
945,2025-03-16 08:50:00,-0.06
946,2025-03-16 08:55:00,-0.08
947,2025-03-16 09:00:00,-0.09
948,2025-03-16 09:05:00,-0.09
949,2025-03-16 09:10:00,-0.1
950,2025-03-16 09:15:00,-0.1
951,2025-03-16 09:20:00,-0.11
952,2025-03-16 09:25:00,-0.11
953,2025-03-16 09:30:00,-0.11
954,2025-03-16 09:35:00,-0.11
955,2025-03-16 09:40:00,-0.11
956,2025-03-16 09:45:00,-0.1
957,2025-03-16 09:50:00,-0.1
958,2025-03-16 09:55:00,-0.09
959,2025-03-16 10:00:00,-0.08
960,2025-03-16 10:05:00,-0.07
961,2025-03-16 10:10:00,-0.06
962,2025-03-16 10:15:00,-0.04
963,2025-03-16 10:20:00,-0.03
964,2025-03-16 10:25:00,-0.01
965,2025-03-16 10:30:00,0.01
966,2025-03-16 10:35:00,0.03
967,2025-03-16 10:40:00,0.05
968,2025-03-16 10:45:00,0.08
969,2025-03-16 10:50:00,0.1
970,2025-03-16 10:55:00,0.13
971,2025-03-16 11:00:00,0.16
972,2025-03-16 11:05:00,0.19
973,2025-03-16 11:10:00,0.22
974,2025-03-16 11:15:00,0.25
975,2025-03-16 11:20:00,0.28
976,2025-03-16 11:25:00,0.31
977,2025-03-16 11:30:00,0.35
978,2025-03-16 11:35:00,0.38
979,2025-03-16 11:40:00,0.42
980,2025-03-16 11:45:00,0.46
981,2025-03-16 11:50:00,0.5
982,2025-03-16 11:55:00,0.53
983,2025-03-16 12:00:00,0.57
984,2025-03-16 12:05:00,0.61
985,2025-03-16 12:10:00,0.65
986,2025-03-16 12:15:00,0.69
987,2025-03-16 12:20:00,0.74
988,2025-03-16 12:25:00,0.78
989,2025-03-16 12:30:00,0.82
990,2025-03-16 12:35:00,0.86
991,2025-03-16 12:40:00,0.9
992,2025-03-16 12:45:00,0.94
993,2025-03-16 12:50:00,0.99
994,2025-03-16 12:55:00,1.03
995,2025-03-16 13:00:00,1.07
996,2025-03-16 13:05:00,1.11
997,2025-03-16 13:10:00,1.15
998,2025-03-16 13:15:00,1.19
999,2025-03-16 13:20:00,1.23
1000,2025-03-16 13:25:00,1.27
1001,2025-03-16 13:30:00,1.31
1002,2025-03-16 13:35:00,1.35
1003,2025-03-16 13:40:00,1.39
1004,2025-03-16 13:45:00,1.42
1005,2025-03-16 13:50:00,1.46
1006,2025-03-16 13:55:00,1.49
1007,2025-03-16 14:00:00,1.53
1008,2025-03-16 14:05:00,1.56
1009,2025-03-16 14:10:00,1.59
1010,2025-03-16 14:15:00,1.62
1011,2025-03-16 14:20:00,1.65
1012,2025-03-16 14:25:00,1.68
1013,2025-03-16 14:30:00,1.7
1014,2025-03-16 14:35:00,1.73
1015,2025-03-16 14:40:00,1.75
1016,2025-03-16 14:45:00,1.77
1017,2025-03-16 14:50:00,1.79
1018,2025-03-16 14:55:00,1.81
1019,2025-03-16 15:00:00,1.83
1020,2025-03-16 15:05:00,1.85
1021,2025-03-16 15:10:00,1.86
1022,2025-03-16 15:15:00,1.87
1023,2025-03-16 15:20:00,1.89
1024,2025-03-16 15:25:00,1.9
1025,2025-03-16 15:30:00,1.9
1026,2025-03-16 15:35:00,1.91
1027,2025-03-16 15:40:00,1.91
1028,2025-03-16 15:45:00,1.92
1029,2025-03-16 15:50:00,1.92
1030,2025-03-16 15:55:00,1.92
1031,2025-03-16 16:00:00,1.91
1032,2025-03-16 16:05:00,1.91
1033,2025-03-16 16:10:00,1.91
1034,2025-03-16 16:15:00,1.9
1035,2025-03-16 16:20:00,1.89
1036,2025-03-16 16:25:00,1.89
1037,2025-03-16 16:30:00,1.88
1038,2025-03-16 16:35:00,1.87
1039,2025-03-16 16:40:00,1.86
1040,2025-03-16 16:45:00,1.84
1041,2025-03-16 16:50:00,1.83
1042,2025-03-16 16:55:00,1.81
1043,2025-03-16 17:00:00,1.8
1044,2025-03-16 17:05:00,1.78
1045,2025-03-16 17:10:00,1.76
1046,2025-03-16 17:15:00,1.74
1047,2025-03-16 17:20:00,1.73
1048,2025-03-16 17:25:00,1.7
1049,2025-03-16 17:30:00,1.68
1050,2025-03-16 17:35:00,1.66
1051,2025-03-16 17:40:00,1.64
1052,2025-03-16 17:45:00,1.61
1053,2025-03-16 17:50:00,1.59
1054,2025-03-16 17:55:00,1.56
1055,2025-03-16 18:00:00,1.54
1056,2025-03-16 18:05:00,1.51
1057,2025-03-16 18:10:00,1.49
1058,2025-03-16 18:15:00,1.46
1059,2025-03-16 18:20:00,1.43
1060,2025-03-16 18:25:00,1.4
1061,2025-03-16 18:30:00,1.37
1062,2025-03-16 18:35:00,1.35
1063,2025-03-16 18:40:00,1.32
1064,2025-03-16 18:45:00,1.29
1065,2025-03-16 18:50:00,1.26
1066,2025-03-16 18:55:00,1.23
1067,2025-03-16 19:00:00,1.2
1068,2025-03-16 19:05:00,1.17
1069,2025-03-16 19:10:00,1.14
1070,2025-03-16 19:15:00,1.12
1071,2025-03-16 19:20:00,1.09
1072,2025-03-16 19:25:00,1.06
1073,2025-03-16 19:30:00,1.03
1074,2025-03-16 19:35:00,1.01
1075,2025-03-16 19:40:00,0.98
1076,2025-03-16 19:45:00,0.95
1077,2025-03-16 19:50:00,0.93
1078,2025-03-16 19:55:00,0.9
1079,2025-03-16 20:00:00,0.88
1080,2025-03-16 20:05:00,0.85
1081,2025-03-16 20:10:00,0.83
1082,2025-03-16 20:15:00,0.81
1083,2025-03-16 20:20:00,0.79
1084,2025-03-16 20:25:00,0.77
1085,2025-03-16 20:30:00,0.75
1086,2025-03-16 20:35:00,0.73
1087,2025-03-16 20:40:00,0.71
1088,2025-03-16 20:45:00,0.69
1089,2025-03-16 20:50:00,0.68
1090,2025-03-16 20:55:00,0.66
1091,2025-03-16 21:00:00,0.65
1092,2025-03-16 21:05:00,0.64
1093,2025-03-16 21:10:00,0.62
1094,2025-03-16 21:15:00,0.61
1095,2025-03-16 21:20:00,0.6
1096,2025-03-16 21:25:00,0.6
1097,2025-03-16 21:30:00,0.59
1098,2025-03-16 21:35:00,0.58
1099,2025-03-16 21:40:00,0.58
1100,2025-03-16 21:45:00,0.58
1101,2025-03-16 21:50:00,0.57
1102,2025-03-16 21:55:00,0.57
1103,2025-03-16 22:00:00,0.57
1104,2025-03-16 22:05:00,0.58
1105,2025-03-16 22:10:00,0.58
1106,2025-03-16 22:15:00,0.59
1107,2025-03-16 22:20:00,0.59
1108,2025-03-16 22:25:00,0.6
1109,2025-03-16 22:30:00,0.61
1110,2025-03-16 22:35:00,0.62
1111,2025-03-16 22:40:00,0.63
1112,2025-03-16 22:45:00,0.65
1113,2025-03-16 22:50:00,0.66
1114,2025-03-16 22:55:00,0.68
1115,2025-03-16 23:00:00,0.7
1116,2025-03-16 23:05:00,0.72
1117,2025-03-16 23:10:00,0.74
1118,2025-03-16 23:15:00,0.76
1119,2025-03-16 23:20:00,0.78
1120,2025-03-16 23:25:00,0.8
1121,2025-03-16 23:30:00,0.83
1122,2025-03-16 23:35:00,0.85
1123,2025-03-16 23:40:00,0.88
1124,2025-03-16 23:45:00,0.9
1125,2025-03-16 23:50:00,0.93
1126,2025-03-16 23:55:00,0.96
1127,2025-03-17 00:00:00,0.99
1128,2025-03-17 00:05:00,1.01
1129,2025-03-17 00:10:00,1.04
1130,2025-03-17 00:15:00,1.07
1131,2025-03-17 00:20:00,1.1
1132,2025-03-17 00:25:00,1.13
1133,2025-03-17 00:30:00,1.16
1134,2025-03-17 00:35:00,1.19
1135,2025-03-17 00:40:00,1.22
1136,2025-03-17 00:45:00,1.24
1137,2025-03-17 00:50:00,1.27
1138,2025-03-17 00:55:00,1.3
1139,2025-03-17 01:00:00,1.33
1140,2025-03-17 01:05:00,1.35
1141,2025-03-17 01:10:00,1.38
1142,2025-03-17 01:15:00,1.41
1143,2025-03-17 01:20:00,1.43
1144,2025-03-17 01:25:00,1.45
1145,2025-03-17 01:30:00,1.48
1146,2025-03-17 01:35:00,1.5
1147,2025-03-17 01:40:00,1.52
1148,2025-03-17 01:45:00,1.54
1149,2025-03-17 01:50:00,1.56
1150,2025-03-17 01:55:00,1.58
1151,2025-03-17 02:00:00,1.59
1152,2025-03-17 02:05:00,1.61
1153,2025-03-17 02:10:00,1.62
1154,2025-03-17 02:15:00,1.64
1155,2025-03-17 02:20:00,1.65
1156,2025-03-17 02:25:00,1.66
1157,2025-03-17 02:30:00,1.66
1158,2025-03-17 02:35:00,1.67
1159,2025-03-17 02:40:00,1.68
1160,2025-03-17 02:45:00,1.68
1161,2025-03-17 02:50:00,1.68
1162,2025-03-17 02:55:00,1.68
1163,2025-03-17 03:00:00,1.68
1164,2025-03-17 03:05:00,1.68
1165,2025-03-17 03:10:00,1.68
1166,2025-03-17 03:15:00,1.67
1167,2025-03-17 03:20:00,1.67
1168,2025-03-17 03:25:00,1.66
1169,2025-03-17 03:30:00,1.65
1170,2025-03-17 03:35:00,1.64
1171,2025-03-17 03:40:00,1.63
1172,2025-03-17 03:45:00,1.62
1173,2025-03-17 03:50:00,1.6
1174,2025-03-17 03:55:00,1.59
1175,2025-03-17 04:00:00,1.57
1176,2025-03-17 04:05:00,1.55
1177,2025-03-17 04:10:00,1.54
1178,2025-03-17 04:15:00,1.52
1179,2025-03-17 04:20:00,1.5
1180,2025-03-17 04:25:00,1.47
1181,2025-03-17 04:30:00,1.45
1182,2025-03-17 04:35:00,1.43
1183,2025-03-17 04:40:00,1.4
1184,2025-03-17 04:45:00,1.38
1185,2025-03-17 04:50:00,1.35
1186,2025-03-17 04:55:00,1.32
1187,2025-03-17 05:00:00,1.29
1188,2025-03-17 05:05:00,1.26
1189,2025-03-17 05:10:00,1.23
1190,2025-03-17 05:15:00,1.2
1191,2025-03-17 05:20:00,1.17
1192,2025-03-17 05:25:00,1.14
1193,2025-03-17 05:30:00,1.11
1194,2025-03-17 05:35:00,1.08
1195,2025-03-17 05:40:00,1.04
1196,2025-03-17 05:45:00,1.01
1197,2025-03-17 05:50:00,0.98
1198,2025-03-17 05:55:00,0.94
1199,2025-03-17 06:00:00,0.91
1200,2025-03-17 06:05:00,0.87
1201,2025-03-17 06:10:00,0.84
1202,2025-03-17 06:15:00,0.8
1203,2025-03-17 06:20:00,0.77
1204,2025-03-17 06:25:00,0.73
1205,2025-03-17 06:30:00,0.7
1206,2025-03-17 06:35:00,0.66
1207,2025-03-17 06:40:00,0.63
1208,2025-03-17 06:45:00,0.59
1209,2025-03-17 06:50:00,0.56
1210,2025-03-17 06:55:00,0.52
1211,2025-03-17 07:00:00,0.49
1212,2025-03-17 07:05:00,0.46
1213,2025-03-17 07:10:00,0.42
1214,2025-03-17 07:15:00,0.39
1215,2025-03-17 07:20:00,0.36
1216,2025-03-17 07:25:00,0.33
1217,2025-03-17 07:30:00,0.3
1218,2025-03-17 07:35:00,0.27
1219,2025-03-17 07:40:00,0.24
1220,2025-03-17 07:45:00,0.21
1221,2025-03-17 07:50:00,0.18
1222,2025-03-17 07:55:00,0.16
1223,2025-03-17 08:00:00,0.13
1224,2025-03-17 08:05:00,0.11
1225,2025-03-17 08:10:00,0.08
1226,2025-03-17 08:15:00,0.06
1227,2025-03-17 08:20:00,0.04
1228,2025-03-17 08:25:00,0.02
1229,2025-03-17 08:30:00,-0.0
1230,2025-03-17 08:35:00,-0.02
1231,2025-03-17 08:40:00,-0.04
1232,2025-03-17 08:45:00,-0.06
1233,2025-03-17 08:50:00,-0.07
1234,2025-03-17 08:55:00,-0.08
1235,2025-03-17 09:00:00,-0.1
1236,2025-03-17 09:05:00,-0.11
1237,2025-03-17 09:10:00,-0.12
1238,2025-03-17 09:15:00,-0.13
1239,2025-03-17 09:20:00,-0.13
1240,2025-03-17 09:25:00,-0.14
1241,2025-03-17 09:30:00,-0.14
1242,2025-03-17 09:35:00,-0.15
1243,2025-03-17 09:40:00,-0.15
1244,2025-03-17 09:45:00,-0.15
1245,2025-03-17 09:50:00,-0.15
1246,2025-03-17 09:55:00,-0.15
1247,2025-03-17 10:00:00,-0.14
1248,2025-03-17 10:05:00,-0.14
1249,2025-03-17 10:10:00,-0.13
1250,2025-03-17 10:15:00,-0.12
1251,2025-03-17 10:20:00,-0.11
1252,2025-03-17 10:25:00,-0.1
1253,2025-03-17 10:30:00,-0.09
1254,2025-03-17 10:35:00,-0.07
1255,2025-03-17 10:40:00,-0.06
1256,2025-03-17 10:45:00,-0.04
1257,2025-03-17 10:50:00,-0.02
1258,2025-03-17 10:55:00,-0.0
1259,2025-03-17 11:00:00,0.02
1260,2025-03-17 11:05:00,0.04
1261,2025-03-17 11:10:00,0.07
1262,2025-03-17 11:15:00,0.09
1263,2025-03-17 11:20:00,0.12
1264,2025-03-17 11:25:00,0.15
1265,2025-03-17 11:30:00,0.18
1266,2025-03-17 11:35:00,0.21
1267,2025-03-17 11:40:00,0.24
1268,2025-03-17 11:45:00,0.27
1269,2025-03-17 11:50:00,0.3
1270,2025-03-17 11:55:00,0.34
1271,2025-03-17 12:00:00,0.37
1272,2025-03-17 12:05:00,0.41
1273,2025-03-17 12:10:00,0.44
1274,2025-03-17 12:15:00,0.48
1275,2025-03-17 12:20:00,0.52
1276,2025-03-17 12:25:00,0.56
1277,2025-03-17 12:30:00,0.59
1278,2025-03-17 12:35:00,0.63
1279,2025-03-17 12:40:00,0.67
1280,2025-03-17 12:45:00,0.71
1281,2025-03-17 12:50:00,0.75
1282,2025-03-17 12:55:00,0.79
1283,2025-03-17 13:00:00,0.83
1284,2025-03-17 13:05:00,0.87
1285,2025-03-17 13:10:00,0.91
1286,2025-03-17 13:15:00,0.95
1287,2025-03-17 13:20:00,0.99
1288,2025-03-17 13:25:00,1.03
1289,2025-03-17 13:30:00,1.07
1290,2025-03-17 13:35:00,1.11
1291,2025-03-17 13:40:00,1.15
1292,2025-03-17 13:45:00,1.19
1293,2025-03-17 13:50:00,1.23
1294,2025-03-17 13:55:00,1.26
1295,2025-03-17 14:00:00,1.3
1296,2025-03-17 14:05:00,1.34
1297,2025-03-17 14:10:00,1.37
1298,2025-03-17 14:15:00,1.41
1299,2025-03-17 14:20:00,1.44
1300,2025-03-17 14:25:00,1.47
1301,2025-03-17 14:30:00,1.5
1302,2025-03-17 14:35:00,1.54
1303,2025-03-17 14:40:00,1.57
1304,2025-03-17 14:45:00,1.59
1305,2025-03-17 14:50:00,1.62
1306,2025-03-17 14:55:00,1.65
1307,2025-03-17 15:00:00,1.67
1308,2025-03-17 15:05:00,1.7
1309,2025-03-17 15:10:00,1.72
1310,2025-03-17 15:15:00,1.74
1311,2025-03-17 15:20:00,1.76
1312,2025-03-17 15:25:00,1.78
1313,2025-03-17 15:30:00,1.8
1314,2025-03-17 15:35:00,1.82
1315,2025-03-17 15:40:00,1.83
1316,2025-03-17 15:45:00,1.84
1317,2025-03-17 15:50:00,1.86
1318,2025-03-17 15:55:00,1.87
1319,2025-03-17 16:00:00,1.87
1320,2025-03-17 16:05:00,1.88
1321,2025-03-17 16:10:00,1.89
1322,2025-03-17 16:15:00,1.89
1323,2025-03-17 16:20:00,1.89
1324,2025-03-17 16:25:00,1.89
1325,2025-03-17 16:30:00,1.89
1326,2025-03-17 16:35:00,1.89
1327,2025-03-17 16:40:00,1.89
1328,2025-03-17 16:45:00,1.89
1329,2025-03-17 16:50:00,1.88
1330,2025-03-17 16:55:00,1.88
1331,2025-03-17 17:00:00,1.87
1332,2025-03-17 17:05:00,1.86
1333,2025-03-17 17:10:00,1.85
1334,2025-03-17 17:15:00,1.84
1335,2025-03-17 17:20:00,1.83
1336,2025-03-17 17:25:00,1.82
1337,2025-03-17 17:30:00,1.81
1338,2025-03-17 17:35:00,1.8
1339,2025-03-17 17:40:00,1.78
1340,2025-03-17 17:45:00,1.77
1341,2025-03-17 17:50:00,1.75
1342,2025-03-17 17:55:00,1.73
1343,2025-03-17 18:00:00,1.72
1344,2025-03-17 18:05:00,1.7
1345,2025-03-17 18:10:00,1.68
1346,2025-03-17 18:15:00,1.66
1347,2025-03-17 18:20:00,1.64
1348,2025-03-17 18:25:00,1.62
1349,2025-03-17 18:30:00,1.6
1350,2025-03-17 18:35:00,1.58
1351,2025-03-17 18:40:00,1.56
1352,2025-03-17 18:45:00,1.53
1353,2025-03-17 18:50:00,1.51
1354,2025-03-17 18:55:00,1.49
1355,2025-03-17 19:00:00,1.46
1356,2025-03-17 19:05:00,1.44
1357,2025-03-17 19:10:00,1.42
1358,2025-03-17 19:15:00,1.39
1359,2025-03-17 19:20:00,1.37
1360,2025-03-17 19:25:00,1.34
1361,2025-03-17 19:30:00,1.32
1362,2025-03-17 19:35:00,1.3
1363,2025-03-17 19:40:00,1.27
1364,2025-03-17 19:45:00,1.25
1365,2025-03-17 19:50:00,1.22
1366,2025-03-17 19:55:00,1.2
1367,2025-03-17 20:00:00,1.18
1368,2025-03-17 20:05:00,1.15
1369,2025-03-17 20:10:00,1.13
1370,2025-03-17 20:15:00,1.11
1371,2025-03-17 20:20:00,1.09
1372,2025-03-17 20:25:00,1.07
1373,2025-03-17 20:30:00,1.04
1374,2025-03-17 20:35:00,1.02
1375,2025-03-17 20:40:00,1.0
1376,2025-03-17 20:45:00,0.99
1377,2025-03-17 20:50:00,0.97
1378,2025-03-17 20:55:00,0.95
1379,2025-03-17 21:00:00,0.93
1380,2025-03-17 21:05:00,0.91
1381,2025-03-17 21:10:00,0.9
1382,2025-03-17 21:15:00,0.88
1383,2025-03-17 21:20:00,0.87
1384,2025-03-17 21:25:00,0.86
1385,2025-03-17 21:30:00,0.84
1386,2025-03-17 21:35:00,0.83
1387,2025-03-17 21:40:00,0.82
1388,2025-03-17 21:45:00,0.81
1389,2025-03-17 21:50:00,0.8
1390,2025-03-17 21:55:00,0.8
1391,2025-03-17 22:00:00,0.79
1392,2025-03-17 22:05:00,0.78
1393,2025-03-17 22:10:00,0.78
1394,2025-03-17 22:15:00,0.78
1395,2025-03-17 22:20:00,0.77
1396,2025-03-17 22:25:00,0.77
1397,2025-03-17 22:30:00,0.77
1398,2025-03-17 22:35:00,0.77
1399,2025-03-17 22:40:00,0.77
1400,2025-03-17 22:45:00,0.78
1401,2025-03-17 22:50:00,0.78
1402,2025-03-17 22:55:00,0.79
1403,2025-03-17 23:00:00,0.79
1404,2025-03-17 23:05:00,0.8
1405,2025-03-17 23:10:00,0.81
1406,2025-03-17 23:15:00,0.82
1407,2025-03-17 23:20:00,0.83
1408,2025-03-17 23:25:00,0.85
1409,2025-03-17 23:30:00,0.86
1410,2025-03-17 23:35:00,0.87
1411,2025-03-17 23:40:00,0.89
1412,2025-03-17 23:45:00,0.91
1413,2025-03-17 23:50:00,0.92
1414,2025-03-17 23:55:00,0.94
1415,2025-03-18 00:00:00,0.96
1416,2025-03-18 00:05:00,0.98
1417,2025-03-18 00:10:00,1.0
1418,2025-03-18 00:15:00,1.02
1419,2025-03-18 00:20:00,1.04
1420,2025-03-18 00:25:00,1.06
1421,2025-03-18 00:30:00,1.08
1422,2025-03-18 00:35:00,1.1
1423,2025-03-18 00:40:00,1.13
1424,2025-03-18 00:45:00,1.15
1425,2025-03-18 00:50:00,1.17
1426,2025-03-18 00:55:00,1.19
1427,2025-03-18 01:00:00,1.21
1428,2025-03-18 01:05:00,1.23
1429,2025-03-18 01:10:00,1.26
1430,2025-03-18 01:15:00,1.28
1431,2025-03-18 01:20:00,1.3
1432,2025-03-18 01:25:00,1.32
1433,2025-03-18 01:30:00,1.34
1434,2025-03-18 01:35:00,1.35
1435,2025-03-18 01:40:00,1.37
1436,2025-03-18 01:45:00,1.39
1437,2025-03-18 01:50:00,1.41
1438,2025-03-18 01:55:00,1.42
1439,2025-03-18 02:00:00,1.44
1440,2025-03-18 02:05:00,1.45
1441,2025-03-18 02:10:00,1.46
1442,2025-03-18 02:15:00,1.47
1443,2025-03-18 02:20:00,1.48
1444,2025-03-18 02:25:00,1.49
1445,2025-03-18 02:30:00,1.5
1446,2025-03-18 02:35:00,1.51
1447,2025-03-18 02:40:00,1.51
1448,2025-03-18 02:45:00,1.52
1449,2025-03-18 02:50:00,1.52
1450,2025-03-18 02:55:00,1.52
1451,2025-03-18 03:00:00,1.52
1452,2025-03-18 03:05:00,1.52
1453,2025-03-18 03:10:00,1.52
1454,2025-03-18 03:15:00,1.52
1455,2025-03-18 03:20:00,1.51
1456,2025-03-18 03:25:00,1.51
1457,2025-03-18 03:30:00,1.5
1458,2025-03-18 03:35:00,1.5
1459,2025-03-18 03:40:00,1.49
1460,2025-03-18 03:45:00,1.48
1461,2025-03-18 03:50:00,1.47
1462,2025-03-18 03:55:00,1.46
1463,2025-03-18 04:00:00,1.44
1464,2025-03-18 04:05:00,1.43
1465,2025-03-18 04:10:00,1.41
1466,2025-03-18 04:15:00,1.4
1467,2025-03-18 04:20:00,1.38
1468,2025-03-18 04:25:00,1.36
1469,2025-03-18 04:30:00,1.35
1470,2025-03-18 04:35:00,1.33
1471,2025-03-18 04:40:00,1.31
1472,2025-03-18 04:45:00,1.28
1473,2025-03-18 04:50:00,1.26
1474,2025-03-18 04:55:00,1.24
1475,2025-03-18 05:00:00,1.22
1476,2025-03-18 05:05:00,1.19
1477,2025-03-18 05:10:00,1.17
1478,2025-03-18 05:15:00,1.14
1479,2025-03-18 05:20:00,1.11
1480,2025-03-18 05:25:00,1.09
1481,2025-03-18 05:30:00,1.06
1482,2025-03-18 05:35:00,1.03
1483,2025-03-18 05:40:00,1.0
1484,2025-03-18 05:45:00,0.97
1485,2025-03-18 05:50:00,0.95
1486,2025-03-18 05:55:00,0.92
1487,2025-03-18 06:00:00,0.89
1488,2025-03-18 06:05:00,0.86
1489,2025-03-18 06:10:00,0.83
1490,2025-03-18 06:15:00,0.79
1491,2025-03-18 06:20:00,0.76
1492,2025-03-18 06:25:00,0.73
1493,2025-03-18 06:30:00,0.7
1494,2025-03-18 06:35:00,0.67
1495,2025-03-18 06:40:00,0.64
1496,2025-03-18 06:45:00,0.61
1497,2025-03-18 06:50:00,0.58
1498,2025-03-18 06:55:00,0.55
1499,2025-03-18 07:00:00,0.52
1500,2025-03-18 07:05:00,0.49
1501,2025-03-18 07:10:00,0.46
1502,2025-03-18 07:15:00,0.43
1503,2025-03-18 07:20:00,0.4
1504,2025-03-18 07:25:00,0.37
1505,2025-03-18 07:30:00,0.34
1506,2025-03-18 07:35:00,0.31
1507,2025-03-18 07:40:00,0.29
1508,2025-03-18 07:45:00,0.26
1509,2025-03-18 07:50:00,0.23
1510,2025-03-18 07:55:00,0.21
1511,2025-03-18 08:00:00,0.18
1512,2025-03-18 08:05:00,0.16
1513,2025-03-18 08:10:00,0.13
1514,2025-03-18 08:15:00,0.11
1515,2025-03-18 08:20:00,0.09
1516,2025-03-18 08:25:00,0.07
1517,2025-03-18 08:30:00,0.05
1518,2025-03-18 08:35:00,0.03
1519,2025-03-18 08:40:00,0.01
1520,2025-03-18 08:45:00,-0.01
1521,2025-03-18 08:50:00,-0.03
1522,2025-03-18 08:55:00,-0.04
1523,2025-03-18 09:00:00,-0.06
1524,2025-03-18 09:05:00,-0.07
1525,2025-03-18 09:10:00,-0.08
1526,2025-03-18 09:15:00,-0.09
1527,2025-03-18 09:20:00,-0.11
1528,2025-03-18 09:25:00,-0.11
1529,2025-03-18 09:30:00,-0.12
1530,2025-03-18 09:35:00,-0.13
1531,2025-03-18 09:40:00,-0.14
1532,2025-03-18 09:45:00,-0.14
1533,2025-03-18 09:50:00,-0.15
1534,2025-03-18 09:55:00,-0.15
1535,2025-03-18 10:00:00,-0.15
1536,2025-03-18 10:05:00,-0.15
1537,2025-03-18 10:10:00,-0.15
1538,2025-03-18 10:15:00,-0.15
1539,2025-03-18 10:20:00,-0.14
1540,2025-03-18 10:25:00,-0.14
1541,2025-03-18 10:30:00,-0.13
1542,2025-03-18 10:35:00,-0.13
1543,2025-03-18 10:40:00,-0.12
1544,2025-03-18 10:45:00,-0.11
1545,2025-03-18 10:50:00,-0.1
1546,2025-03-18 10:55:00,-0.08
1547,2025-03-18 11:00:00,-0.07
1548,2025-03-18 11:05:00,-0.06
1549,2025-03-18 11:10:00,-0.04
1550,2025-03-18 11:15:00,-0.02
1551,2025-03-18 11:20:00,-0.0
1552,2025-03-18 11:25:00,0.02
1553,2025-03-18 11:30:00,0.04
1554,2025-03-18 11:35:00,0.06
1555,2025-03-18 11:40:00,0.08
1556,2025-03-18 11:45:00,0.11
1557,2025-03-18 11:50:00,0.13
1558,2025-03-18 11:55:00,0.16
1559,2025-03-18 12:00:00,0.18
1560,2025-03-18 12:05:00,0.21
1561,2025-03-18 12:10:00,0.24
1562,2025-03-18 12:15:00,0.27
1563,2025-03-18 12:20:00,0.3
1564,2025-03-18 12:25:00,0.33
1565,2025-03-18 12:30:00,0.36
1566,2025-03-18 12:35:00,0.39
1567,2025-03-18 12:40:00,0.43
1568,2025-03-18 12:45:00,0.46
1569,2025-03-18 12:50:00,0.49
1570,2025-03-18 12:55:00,0.53
1571,2025-03-18 13:00:00,0.56
1572,2025-03-18 13:05:00,0.6
1573,2025-03-18 13:10:00,0.63
1574,2025-03-18 13:15:00,0.67
1575,2025-03-18 13:20:00,0.71
1576,2025-03-18 13:25:00,0.74
1577,2025-03-18 13:30:00,0.78
1578,2025-03-18 13:35:00,0.81
1579,2025-03-18 13:40:00,0.85
1580,2025-03-18 13:45:00,0.89
1581,2025-03-18 13:50:00,0.92
1582,2025-03-18 13:55:00,0.96
1583,2025-03-18 14:00:00,1.0
1584,2025-03-18 14:05:00,1.03
1585,2025-03-18 14:10:00,1.07
1586,2025-03-18 14:15:00,1.1
1587,2025-03-18 14:20:00,1.14
1588,2025-03-18 14:25:00,1.17
1589,2025-03-18 14:30:00,1.21
1590,2025-03-18 14:35:00,1.24
1591,2025-03-18 14:40:00,1.27
1592,2025-03-18 14:45:00,1.3
1593,2025-03-18 14:50:00,1.34
1594,2025-03-18 14:55:00,1.37
1595,2025-03-18 15:00:00,1.4
1596,2025-03-18 15:05:00,1.43
1597,2025-03-18 15:10:00,1.45
1598,2025-03-18 15:15:00,1.48
1599,2025-03-18 15:20:00,1.51
1600,2025-03-18 15:25:00,1.53
1601,2025-03-18 15:30:00,1.56
1602,2025-03-18 15:35:00,1.58
1603,2025-03-18 15:40:00,1.61
1604,2025-03-18 15:45:00,1.63
1605,2025-03-18 15:50:00,1.65
1606,2025-03-18 15:55:00,1.67
1607,2025-03-18 16:00:00,1.69
1608,2025-03-18 16:05:00,1.71
1609,2025-03-18 16:10:00,1.72
1610,2025-03-18 16:15:00,1.74
1611,2025-03-18 16:20:00,1.75
1612,2025-03-18 16:25:00,1.76
1613,2025-03-18 16:30:00,1.77
1614,2025-03-18 16:35:00,1.78
1615,2025-03-18 16:40:00,1.79
1616,2025-03-18 16:45:00,1.8
1617,2025-03-18 16:50:00,1.81
1618,2025-03-18 16:55:00,1.81
1619,2025-03-18 17:00:00,1.81
1620,2025-03-18 17:05:00,1.82
1621,2025-03-18 17:10:00,1.82
1622,2025-03-18 17:15:00,1.82
1623,2025-03-18 17:20:00,1.81
1624,2025-03-18 17:25:00,1.81
1625,2025-03-18 17:30:00,1.81
1626,2025-03-18 17:35:00,1.81
1627,2025-03-18 17:40:00,1.8
1628,2025-03-18 17:45:00,1.8
1629,2025-03-18 17:50:00,1.79
1630,2025-03-18 17:55:00,1.78
1631,2025-03-18 18:00:00,1.78
1632,2025-03-18 18:05:00,1.77
1633,2025-03-18 18:10:00,1.76
1634,2025-03-18 18:15:00,1.75
1635,2025-03-18 18:20:00,1.74
1636,2025-03-18 18:25:00,1.73
1637,2025-03-18 18:30:00,1.72
1638,2025-03-18 18:35:00,1.71
1639,2025-03-18 18:40:00,1.69
1640,2025-03-18 18:45:00,1.68
1641,2025-03-18 18:50:00,1.67
1642,2025-03-18 18:55:00,1.65
1643,2025-03-18 19:00:00,1.64
1644,2025-03-18 19:05:00,1.62
1645,2025-03-18 19:10:00,1.6
1646,2025-03-18 19:15:00,1.59
1647,2025-03-18 19:20:00,1.57
1648,2025-03-18 19:25:00,1.55
1649,2025-03-18 19:30:00,1.54
1650,2025-03-18 19:35:00,1.52
1651,2025-03-18 19:40:00,1.5
1652,2025-03-18 19:45:00,1.48
1653,2025-03-18 19:50:00,1.47
1654,2025-03-18 19:55:00,1.45
1655,2025-03-18 20:00:00,1.43
1656,2025-03-18 20:05:00,1.41
1657,2025-03-18 20:10:00,1.39
1658,2025-03-18 20:15:00,1.37
1659,2025-03-18 20:20:00,1.36
1660,2025-03-18 20:25:00,1.34
1661,2025-03-18 20:30:00,1.32
1662,2025-03-18 20:35:00,1.3
1663,2025-03-18 20:40:00,1.28
1664,2025-03-18 20:45:00,1.26
1665,2025-03-18 20:50:00,1.25
1666,2025-03-18 20:55:00,1.23
1667,2025-03-18 21:00:00,1.21
1668,2025-03-18 21:05:00,1.2
1669,2025-03-18 21:10:00,1.18
1670,2025-03-18 21:15:00,1.16
1671,2025-03-18 21:20:00,1.15
1672,2025-03-18 21:25:00,1.13
1673,2025-03-18 21:30:00,1.12
1674,2025-03-18 21:35:00,1.11
1675,2025-03-18 21:40:00,1.09
1676,2025-03-18 21:45:00,1.08
1677,2025-03-18 21:50:00,1.07
1678,2025-03-18 21:55:00,1.06
1679,2025-03-18 22:00:00,1.04
1680,2025-03-18 22:05:00,1.03
1681,2025-03-18 22:10:00,1.02
1682,2025-03-18 22:15:00,1.02
1683,2025-03-18 22:20:00,1.01
1684,2025-03-18 22:25:00,1.0
1685,2025-03-18 22:30:00,0.99
1686,2025-03-18 22:35:00,0.99
1687,2025-03-18 22:40:00,0.98
1688,2025-03-18 22:45:00,0.98
1689,2025-03-18 22:50:00,0.97
1690,2025-03-18 22:55:00,0.97
1691,2025-03-18 23:00:00,0.97
1692,2025-03-18 23:05:00,0.97
1693,2025-03-18 23:10:00,0.97
